S.no,Star_name,Distance,Mass,Radius,Gravity
1,Sirius,0008.6,2.1,1.71,196.971799550325
3,Alpha Centauri,0004.4,1.1,1.2,209.51116500384126
12,Altair,0017,1.8,1.8,152.37175636642996
18,Fomalhaut,0025,1.9,1.8,160.83685394234274
